cathpdb,pdb,residue_name,IBS,chain_id,residue_number
3fsnA00,3FSN,PHE,TRUE,A,196
3fsnA00,3FSN,GLY,TRUE,A,197
3fsnA00,3FSN,LYS,TRUE,A,198
3fsnA00,3FSN,ASN,TRUE,A,199
3fsnA00,3FSN,PHE,TRUE,A,200
3fsnA00,3FSN,SER,TRUE,A,201
3fsnA00,3FSN,ILE,TRUE,A,202
3fsnA00,3FSN,PHE,TRUE,A,264
3fsnA00,3FSN,LEU,TRUE,A,265
3fsnA00,3FSN,SER,TRUE,A,266
3fsnA00,3FSN,SER,TRUE,A,267
3fsnA00,3FSN,TRP,TRUE,A,268
3fsnA00,3FSN,SER,TRUE,A,269
3fsnA00,3FSN,LEU,TRUE,A,270
3fsnA00,3FSN,TRP,TRUE,A,271
1s6xA00,1S6X,PHE,TRUE,A,5
1s6xA00,1S6X,MET,TRUE,A,6
1s6xA00,1S6X,TRP,TRUE,A,7
1s6xA00,1S6X,TRP,TRUE,A,27
1s6xA00,1S6X,CYS,TRUE,A,28
1s6xA00,1S6X,VAL,TRUE,A,29
1s6xA00,1S6X,LEU,TRUE,A,30
1ffjA00,1FFJ,LEU,TRUE,A,6
1ffjA00,1FFJ,VAL,TRUE,A,7
1ffjA00,1FFJ,PRO,TRUE,A,8
1ffjA00,1FFJ,LEU,TRUE,A,9
1ffjA00,1FFJ,PHE,TRUE,A,10
1ffjA00,1FFJ,TYR,TRUE,A,22
1ffjA00,1FFJ,LYS,TRUE,A,23
1ffjA00,1FFJ,MET,TRUE,A,24
1ffjA00,1FFJ,PHE,TRUE,A,25
1ffjA00,1FFJ,MET,TRUE,A,26
1ffjA00,1FFJ,VAL,TRUE,A,27
1ffjA00,1FFJ,ALA,TRUE,A,28
1ffjA00,1FFJ,ALA,TRUE,A,29
1ffjA00,1FFJ,PRO,TRUE,A,30
1ffjA00,1FFJ,HIS,TRUE,A,31
1ffjA00,1FFJ,VAL,TRUE,A,32
1ffjA00,1FFJ,PRO,TRUE,A,33
1ffjA00,1FFJ,VAL,TRUE,A,34
1ffjA00,1FFJ,LYS,TRUE,A,35
1ffjA00,1FFJ,ARG,TRUE,A,36
1ffjA00,1FFJ,GLY,TRUE,A,37
1ffjA00,1FFJ,CYS,TRUE,A,38
1ffjA00,1FFJ,ILE,TRUE,A,39
1ffjA00,1FFJ,LEU,TRUE,A,47
1ffjA00,1FFJ,LEU,TRUE,A,48
1ffjA00,1FFJ,VAL,TRUE,A,49
2ddrA00,2DDR,TRP,TRUE,A,284
2ddrA00,2DDR,PHE,TRUE,A,285
3rznA00,3RZN,TRP,TRUE,A,142
2a1lA00,2A1L,TRP,TRUE,A,202
2a1lA00,2A1L,TRP,TRUE,A,203
1coyA00,1COY,MET,TRUE,A,81
1tqnA00,1TQN,LEU,TRUE,A,44
1tqnA00,1TQN,PRO,TRUE,A,45
1tqnA00,1TQN,PHE,TRUE,A,46
1tqnA00,1TQN,LEU,TRUE,A,47
1tqnA00,1TQN,PRO,TRUE,A,218
1tqnA00,1TQN,PHE,TRUE,A,219
1tqnA00,1TQN,PHE,TRUE,A,220
1tqnA00,1TQN,LEU,TRUE,A,221
1tqnA00,1TQN,SER,TRUE,A,222
1tqnA00,1TQN,ILE,TRUE,A,223
1tqnA00,1TQN,THR,TRUE,A,224
1tqnA00,1TQN,VAL,TRUE,A,225
1tqnA00,1TQN,PHE,TRUE,A,226
1tqnA00,1TQN,PRO,TRUE,A,227
1tqnA00,1TQN,PHE,TRUE,A,228
1tqnA00,1TQN,LEU,TRUE,A,229
1tqnA00,1TQN,ILE,TRUE,A,230
1tqnA00,1TQN,PRO,TRUE,A,231
1tqnA00,1TQN,ILE,TRUE,A,232
1tqnA00,1TQN,LEU,TRUE,A,233
1tqnA00,1TQN,GLU,TRUE,A,234
1tqnA00,1TQN,VAL,TRUE,A,235
1tqnA00,1TQN,LEU,TRUE,A,236
1tqnA00,1TQN,ASN,TRUE,A,237
1tqnA00,1TQN,ILE,TRUE,A,238
3npeA00,3NPE,ASN,TRUE,A,85
3npeA00,3NPE,LEU,TRUE,A,86
3npeA00,3NPE,PHE,TRUE,A,87
3npeA00,3NPE,GLN,TRUE,A,88
3npeA00,3NPE,ARG,TRUE,A,89
3npeA00,3NPE,ALA,TRUE,A,90
3npeA00,3NPE,ALA,TRUE,A,91
3npeA00,3NPE,ALA,TRUE,A,92
3npeA00,3NPE,ALA,TRUE,A,93
3npeA00,3NPE,ALA,TRUE,A,94
3npeA00,3NPE,LEU,TRUE,A,95
3npeA00,3NPE,ASP,TRUE,A,96
3npeA00,3NPE,ALA,TRUE,A,97
3npeA00,3NPE,PHE,TRUE,A,98
3npeA00,3NPE,GLU,TRUE,A,99
3npeA00,3NPE,GLU,TRUE,A,100
3npeA00,3NPE,GLY,TRUE,A,101
3npeA00,3NPE,PHE,TRUE,A,102
3npeA00,3NPE,VAL,TRUE,A,103
3npeA00,3NPE,ALA,TRUE,A,104
3npeA00,3NPE,ASN,TRUE,A,105
3npeA00,3NPE,VAL,TRUE,A,106
3npeA00,3NPE,LEU,TRUE,A,107
3npeA00,3NPE,GLU,TRUE,A,108
3npeA00,3NPE,ARG,TRUE,A,109
3npeA00,3NPE,SER,TRUE,A,222
3npeA00,3NPE,GLY,TRUE,A,223
3npeA00,3NPE,ILE,TRUE,A,224
3npeA00,3NPE,ALA,TRUE,A,225
3npeA00,3NPE,ARG,TRUE,A,226
3npeA00,3NPE,LEU,TRUE,A,227
3npeA00,3NPE,ALA,TRUE,A,228
3npeA00,3NPE,LEU,TRUE,A,229
3npeA00,3NPE,PHE,TRUE,A,230
3npeA00,3NPE,TYR,TRUE,A,231
3npeA00,3NPE,ALA,TRUE,A,232
3npeA00,3NPE,ARG,TRUE,A,233
3npeA00,3NPE,ALA,TRUE,A,234
3npeA00,3NPE,ALA,TRUE,A,235
3npeA00,3NPE,CYS,TRUE,A,236
3npeA00,3NPE,GLY,TRUE,A,237
3jw8A00,3JW8,LEU,TRUE,A,179
3jw8A00,3JW8,VAL,TRUE,A,180
3jw8A00,3JW8,LEU,TRUE,A,181
3jw8A00,3JW8,PRO,TRUE,A,182
3jw8A00,3JW8,ASN,TRUE,A,183
3jw8A00,3JW8,LEU,TRUE,A,184
3jw8A00,3JW8,SER,TRUE,A,185
3jw8A00,3JW8,LEU,TRUE,A,186
3w7rA00,3W7R,ALA,TRUE,A,31
3w7rA00,3W7R,THR,TRUE,A,32
3w7rA00,3W7R,GLY,TRUE,A,33
3w7rA00,3W7R,ASP,TRUE,A,34
3w7rA00,3W7R,GLU,TRUE,A,35
3w7rA00,3W7R,ARG,TRUE,A,36
3w7rA00,3W7R,PHE,TRUE,A,37
3w7rA00,3W7R,TYR,TRUE,A,38
3w7rA00,3W7R,ALA,TRUE,A,39
3w7rA00,3W7R,GLU,TRUE,A,40
3w7rA00,3W7R,HIS,TRUE,A,41
3w7rA00,3W7R,LEU,TRUE,A,42
3w7rA00,3W7R,MET,TRUE,A,43
3w7rA00,3W7R,PRO,TRUE,A,44
3w7rA00,3W7R,THR,TRUE,A,45
3w7rA00,3W7R,LEU,TRUE,A,46
3w7rA00,3W7R,GLN,TRUE,A,47
3w7rA00,3W7R,GLY,TRUE,A,48
3w7rA00,3W7R,LEU,TRUE,A,49
3w7rA00,3W7R,LEU,TRUE,A,50
3w7rA00,3W7R,ASP,TRUE,A,51
3w7rA00,3W7R,PRO,TRUE,A,52
3w7rA00,3W7R,GLU,TRUE,A,53
3w7rA00,3W7R,SER,TRUE,A,54
3w7rA00,3W7R,ALA,TRUE,A,55
3w7rA00,3W7R,HIS,TRUE,A,56
3w7rA00,3W7R,ARG,TRUE,A,57
3w7rA00,3W7R,LEU,TRUE,A,58
3w7rA00,3W7R,ALA,TRUE,A,59
3w7rA00,3W7R,VAL,TRUE,A,60
3w7rA00,3W7R,ARG,TRUE,A,61
3w7rA00,3W7R,PHE,TRUE,A,62
3w7rA00,3W7R,THR,TRUE,A,63
3w7rA00,3W7R,SER,TRUE,A,64
3w7rA00,3W7R,LEU,TRUE,A,65
3w7rA00,3W7R,GLY,TRUE,A,66
3w7rA00,3W7R,LEU,TRUE,A,67
3w7rA00,3W7R,LEU,TRUE,A,68
5bzzA00,5BZZ,LYS,TRUE,A,260
5bzzA00,5BZZ,GLN,TRUE,A,261
5bzzA00,5BZZ,ASN,TRUE,A,262
5bzzA00,5BZZ,LYS,TRUE,A,263
5bzzA00,5BZZ,MET,TRUE,A,264
5bzzA00,5BZZ,LEU,TRUE,A,265
5bzzA00,5BZZ,LYS,TRUE,A,266
5bzzA00,5BZZ,LYS,TRUE,A,267
5bzzA00,5BZZ,ASP,TRUE,A,268
5bzzA00,5BZZ,LYS,TRUE,A,269
5bzzA00,5BZZ,LYS,TRUE,A,327
5bzzA00,5BZZ,ALA,TRUE,A,328
5bzzA00,5BZZ,ASN,TRUE,A,329
5bzzA00,5BZZ,LYS,TRUE,A,330
5bzzA00,5BZZ,ASP,TRUE,A,331
5bzzA00,5BZZ,LYS,TRUE,A,332
5bzzA00,5BZZ,ALA,TRUE,A,333
5bzzA00,5BZZ,ASN,TRUE,A,334
5bzzA00,5BZZ,ARG,TRUE,A,335
6bfgA00,6BFG,MET,TRUE,A,177
6bfgA00,6BFG,SER,TRUE,A,178
6bfgA00,6BFG,TYR,TRUE,A,179
6bfgA00,6BFG,SER,TRUE,A,180
6bfgA00,6BFG,ALA,TRUE,A,181
6bfgA00,6BFG,LYS,TRUE,A,182
6bfgA00,6BFG,VAL,TRUE,A,183
6bfgA00,6BFG,VAL,TRUE,A,184
6bfgA00,6BFG,LEU,TRUE,A,185
6bfgA00,6BFG,ASP,TRUE,A,186
6bfgA00,6BFG,GLY,TRUE,A,187
6bfgA00,6BFG,CYS,TRUE,A,188
6bfgA00,6BFG,LEU,TRUE,A,189
6bfgA00,6BFG,HIS,TRUE,A,190
6bfgA00,6BFG,PRO,TRUE,A,191
6bfgA00,6BFG,ARG,TRUE,A,192
6bfgA00,6BFG,TRP,TRUE,A,193
6bfgA00,6BFG,SER,TRUE,A,194
6bfgA00,6BFG,LEU,TRUE,A,195
6bfgA00,6BFG,ASP,TRUE,A,196
6bfgA00,6BFG,PHE,TRUE,A,197
6bfgA00,6BFG,VAL,TRUE,A,198
6bfgA00,6BFG,ARG,TRUE,A,199
6bfgA00,6BFG,HIS,TRUE,A,200
6bfgA00,6BFG,GLY,TRUE,A,201
6bfgA00,6BFG,MET,TRUE,A,202
6bfgA00,6BFG,PRO,TRUE,A,203
6bfgA00,6BFG,GLN,TRUE,A,204
6bfgA00,6BFG,LEU,TRUE,A,205
6bfgA00,6BFG,ALA,TRUE,A,206
6bfgA00,6BFG,ASN,TRUE,A,207
6bfgA00,6BFG,PHE,TRUE,A,208
6bfgA00,6BFG,VAL,TRUE,A,209
6bfgA00,6BFG,SER,TRUE,A,210
6bfgA00,6BFG,SER,TRUE,A,211
6bfgA00,6BFG,GLN,TRUE,A,212
6bfgA00,6BFG,THR,TRUE,A,213
6bfgA00,6BFG,SER,TRUE,A,214
6bfgA00,6BFG,SER,TRUE,A,215
5hxwA00,5HXW,ILE,TRUE,A,345
5hxwA00,5HXW,SER,TRUE,A,346
5hxwA00,5HXW,LEU,TRUE,A,347
5hxwA00,5HXW,ASN,TRUE,A,348
5hxwA00,5HXW,GLU,TRUE,A,349
5hxwA00,5HXW,GLN,TRUE,A,350
5hxwA00,5HXW,LEU,TRUE,A,351
5hxwA00,5HXW,ILE,TRUE,A,352
5hxwA00,5HXW,ASN,TRUE,A,353
5hxwA00,5HXW,SER,TRUE,A,354
5hxwA00,5HXW,PHE,TRUE,A,355
3akmA00,3AKM,LYS,TRUE,A,27
4ovuA00,4OVU,ASN,TRUE,A,345
4ovuA00,4OVU,VAL,TRUE,A,346
4ovuA00,4OVU,ASN,TRUE,A,347
4ovuA00,4OVU,ILE,TRUE,A,348
4ovuA00,4OVU,ARG,TRUE,A,349
4ovuA00,4OVU,ASP,TRUE,A,350
4ovuA00,4OVU,ILE,TRUE,A,351
4ovuA00,4OVU,ASP,TRUE,A,352
4ovuA00,4OVU,LYS,TRUE,A,353
4ovuA00,4OVU,CYS,TRUE,A,378
4ovuA00,4OVU,SER,TRUE,A,379
4ovuA00,4OVU,VAL,TRUE,A,409
4ovuA00,4OVU,LYS,TRUE,A,410
4ovuA00,4OVU,GLY,TRUE,A,411
4ovuA00,4OVU,ARG,TRUE,A,412
4ovuA00,4OVU,LYS,TRUE,A,413
4ovuA00,4OVU,GLY,TRUE,A,414
4ovuA00,4OVU,ALA,TRUE,A,415
4ovuA00,4OVU,LYS,TRUE,A,416
4ovuA00,4OVU,GLU,TRUE,A,417
4ovuA00,4OVU,GLU,TRUE,A,418
4ovuA00,4OVU,HIS,TRUE,A,419
4ovuA00,4OVU,LYS,TRUE,A,720
4ovuA00,4OVU,GLN,TRUE,A,721
4ovuA00,4OVU,GLU,TRUE,A,722
4ovuA00,4OVU,LYS,TRUE,A,723
4ovuA00,4OVU,LYS,TRUE,A,724
4ovuA00,4OVU,ASP,TRUE,A,725
4ovuA00,4OVU,GLU,TRUE,A,726
4ovuA00,4OVU,THR,TRUE,A,727
4ovuA00,4OVU,GLN,TRUE,A,728
4ovuA00,4OVU,LYS,TRUE,A,729
4ovuA00,4OVU,LYS,TRUE,A,863
4ovuA00,4OVU,GLY,TRUE,A,864
4ovuA00,4OVU,GLY,TRUE,A,865
4ovuA00,4OVU,LEU,TRUE,A,866
4ovuA00,4OVU,LYS,TRUE,A,867
4ovuA00,4OVU,GLY,TRUE,A,868
4ovuA00,4OVU,ALA,TRUE,A,869
4ovuA00,4OVU,LEU,TRUE,A,870
4ovuA00,4OVU,GLN,TRUE,A,871
4ovuA00,4OVU,PHE,TRUE,A,872
5onfA00,5ONF,GLN,TRUE,A,4
5onfA00,5ONF,PHE,TRUE,A,5
5onfA00,5ONF,VAL,TRUE,A,6
5onfA00,5ONF,ARG,TRUE,A,7
5onfA00,5ONF,SER,TRUE,A,8
5onfA00,5ONF,ALA,TRUE,A,9
5onfA00,5ONF,LYS,TRUE,A,10
5onfA00,5ONF,ASN,TRUE,A,11
5onfA00,5ONF,LEU,TRUE,A,12
5onfA00,5ONF,VAL,TRUE,A,13
5onfA00,5ONF,LYS,TRUE,A,14
5onfA00,5ONF,GLY,TRUE,A,15
1xq8A00,1XQ8,ASP,TRUE,A,2
1xq8A00,1XQ8,VAL,TRUE,A,3
1xq8A00,1XQ8,PHE,TRUE,A,4
1xq8A00,1XQ8,MET,TRUE,A,5
1xq8A00,1XQ8,LYS,TRUE,A,6
1xq8A00,1XQ8,GLY,TRUE,A,7
1xq8A00,1XQ8,LEU,TRUE,A,8
1xq8A00,1XQ8,SER,TRUE,A,9
1xq8A00,1XQ8,LYS,TRUE,A,10
1xq8A00,1XQ8,ALA,TRUE,A,11
1xq8A00,1XQ8,LYS,TRUE,A,12
1xq8A00,1XQ8,GLU,TRUE,A,13
1xq8A00,1XQ8,GLY,TRUE,A,14
1xq8A00,1XQ8,VAL,TRUE,A,15
1xq8A00,1XQ8,VAL,TRUE,A,16
1xq8A00,1XQ8,ALA,TRUE,A,17
1xq8A00,1XQ8,ALA,TRUE,A,18
1xq8A00,1XQ8,ALA,TRUE,A,19
1xq8A00,1XQ8,GLU,TRUE,A,20
1xq8A00,1XQ8,LYS,TRUE,A,21
1xq8A00,1XQ8,THR,TRUE,A,22
1xq8A00,1XQ8,LYS,TRUE,A,23
1xq8A00,1XQ8,LYS,TRUE,A,21
1xq8A00,1XQ8,THR,TRUE,A,22
1xq8A00,1XQ8,LYS,TRUE,A,23
1xq8A00,1XQ8,GLN,TRUE,A,24
1xq8A00,1XQ8,GLY,TRUE,A,25
1xq8A00,1XQ8,VAL,TRUE,A,26
1xq8A00,1XQ8,ALA,TRUE,A,27
1xq8A00,1XQ8,GLU,TRUE,A,28
1xq8A00,1XQ8,ALA,TRUE,A,29
1xq8A00,1XQ8,ALA,TRUE,A,30
1xq8A00,1XQ8,GLY,TRUE,A,31
1xq8A00,1XQ8,LYS,TRUE,A,32
1xq8A00,1XQ8,THR,TRUE,A,33
1xq8A00,1XQ8,LYS,TRUE,A,34
1xq8A00,1XQ8,GLU,TRUE,A,35
1xq8A00,1XQ8,GLY,TRUE,A,36
1xq8A00,1XQ8,VAL,TRUE,A,37
1xq8A00,1XQ8,LEU,TRUE,A,38
1xq8A00,1XQ8,TYR,TRUE,A,39
1xq8A00,1XQ8,VAL,TRUE,A,40
1xq8A00,1XQ8,GLY,TRUE,A,41
1xq8A00,1XQ8,SER,TRUE,A,42
1xq8A00,1XQ8,LYS,TRUE,A,43
1xq8A00,1XQ8,THR,TRUE,A,44
1jssA00,1JSS,ARG,TRUE,A,97
1jssA00,1JSS,THR,TRUE,A,100
1jssA00,1JSS,ALA,TRUE,A,120
1jssA00,1JSS,GLY,TRUE,A,121
1jssA00,1JSS,GLN,TRUE,A,122
1jssA00,1JSS,LEU,TRUE,A,123
1jssA00,1JSS,LEU,TRUE,A,124
1jssA00,1JSS,ASN,TRUE,A,125
1jssA00,1JSS,ILE,TRUE,A,126
1jssA00,1JSS,ILE,TRUE,A,127
1jssA00,1JSS,SER,TRUE,A,128
1jssA00,1JSS,PRO,TRUE,A,129
1jssA00,1JSS,ARG,TRUE,A,158
1jssA00,1JSS,PRO,TRUE,A,159
1jssA00,1JSS,GLU,TRUE,A,160
1jssA00,1JSS,PHE,TRUE,A,161
1jssA00,1JSS,VAL,TRUE,A,162
1jssA00,1JSS,GLY,TRUE,A,195
1jssA00,1JSS,MET,TRUE,A,196
1jssA00,1JSS,ILE,TRUE,A,197
1jssA00,1JSS,PRO,TRUE,A,198
1jssA00,1JSS,GLN,TRUE,A,199
1jssA00,1JSS,SER,TRUE,A,200
1jssA00,1JSS,ALA,TRUE,A,201
1jssA00,1JSS,VAL,TRUE,A,202
1jssA00,1JSS,ASP,TRUE,A,203
1jssA00,1JSS,THR,TRUE,A,204
1jssA00,1JSS,ALA,TRUE,A,205
1jssA00,1JSS,SER,TRUE,A,208
2rsgA00,2RSG,SER,TRUE,A,31
2rsgA00,2RSG,LYS,TRUE,A,32
2rsgA00,2RSG,TRP,TRUE,A,33
2rsgA00,2RSG,THR,TRUE,A,34
2rsgA00,2RSG,ASN,TRUE,A,35
2rsgA00,2RSG,TYR,TRUE,A,36
2rsgA00,2RSG,ILE,TRUE,A,37
2rsgA00,2RSG,HIS,TRUE,A,38
2rsgA00,2RSG,GLY,TRUE,A,39
2rsgA00,2RSG,TRP,TRUE,A,40
2rsgA00,2RSG,GLN,TRUE,A,41
2rsgA00,2RSG,ASP,TRUE,A,42
2rsgA00,2RSG,ARG,TRUE,A,43
2rsgA00,2RSG,LYS,TRUE,A,56
2rsgA00,2RSG,SER,TRUE,A,57
2rsgA00,2RSG,ASP,TRUE,A,59
2rsgA00,2RSG,GLU,TRUE,A,62
2rsgA00,2RSG,TYR,TRUE,A,63
2rsgA00,2RSG,GLY,TRUE,A,64
2rsgA00,2RSG,ARG,TRUE,A,66
1ln1A00,1LN1,GLN,TRUE,A,83
1ln1A00,1LN1,LYS,TRUE,A,86
1ln1A00,1LN1,LYS,TRUE,A,104
1ln1A00,1LN1,TYR,TRUE,A,105
1ln1A00,1LN1,PRO,TRUE,A,106
1ln1A00,1LN1,PHE,TRUE,A,107
1ln1A00,1LN1,PRO,TRUE,A,108
1ln1A00,1LN1,MET,TRUE,A,109
1ln1A00,1LN1,SER,TRUE,A,110
1ln1A00,1LN1,ASN,TRUE,A,111
1ln1A00,1LN1,ARG,TRUE,A,146
1ln1A00,1LN1,SER,TRUE,A,147
1ln1A00,1LN1,GLY,TRUE,A,148
1ln1A00,1LN1,VAL,TRUE,A,149
1ln1A00,1LN1,ILE,TRUE,A,150
1ln1A00,1LN1,GLY,TRUE,A,181
1ln1A00,1LN1,GLN,TRUE,A,182
1ln1A00,1LN1,ILE,TRUE,A,183
1ln1A00,1LN1,PRO,TRUE,A,184
1ln1A00,1LN1,SER,TRUE,A,185
1ln1A00,1LN1,TRP,TRUE,A,186
1ln1A00,1LN1,LEU,TRUE,A,187
1ln1A00,1LN1,ILE,TRUE,A,188
1ln1A00,1LN1,ASN,TRUE,A,189
1ln1A00,1LN1,TRP,TRUE,A,190
1ln1A00,1LN1,ALA,TRUE,A,191
1ln1A00,1LN1,ALA,TRUE,A,192
1ln1A00,1LN1,LYS,TRUE,A,193
1ln1A00,1LN1,ASN,TRUE,A,194
1ln1A00,1LN1,GLY,TRUE,A,195
1ln1A00,1LN1,ASN,TRUE,A,198
